[{"@type":"mappingTemplate","id":"@1","name":"MT_Oracle_to_Oracle","description":"","bundleVersion":"0","assetFrsGuid":"5XnJehqD8T4jq1SvHOmnUE","templateId":"@3","deployTime":1720769154000,"hasParameters":false,"valid":true,"fixedConnection":true,"hasParametersDeployed":false,"fixedConnectionDeployed":true,"isSchemaValidationEnabled":false,"tasks":1,"mappingPreviewFileRecordId":"@2","documentType":"MAPPING","references":[{"@type":"reference","refObjectId":"@bNVC1sstQiQhWFiFWoTomd","refType":"connection"},{"@type":"reference","refObjectId":"@ghORcH5xEmNd4HbeKFBCGg","refType":"connection"}]}]