[{"@type":"mappingTemplate","id":"@1","name":"m_IICS_Activity_Log_Delta_Row","description":"","bundleVersion":"0","assetFrsGuid":"4owTLdxHFEQe304jkvS4i6","templateId":"@3","deployTime":1724924309000,"hasParameters":false,"valid":true,"fixedConnection":true,"hasParametersDeployed":false,"fixedConnectionDeployed":true,"isSchemaValidationEnabled":false,"tasks":0,"mappingPreviewFileRecordId":"@2","references":[{"@type":"reference","refObjectId":"@80NvlahuJgvkN0RsmiEgk9@getUserLoginDetails","refType":"businessOperation"},{"@type":"reference","refObjectId":"@3PTWu3VcEvbksyXHNnnDCY@getActivityLogRowlimit","refType":"businessOperation"},{"@type":"reference","refObjectId":"@3PTWu3VcEvbksyXHNnnDCY","refType":"businessService"},{"@type":"reference","refObjectId":"@80NvlahuJgvkN0RsmiEgk9","refType":"businessService"},{"@type":"reference","refObjectId":"@foVovRN06sjbefVIC2yYKP","refType":"connection"},{"@type":"reference","refObjectId":"@2H7h7Y7hgvnk7CUYFUhgmC","refType":"connection"}]}]