[{"@type":"mappingTemplate","id":"@1","name":"Mapping_Adding_Error_Rows","description":"","bundleVersion":"0","assetFrsGuid":"1VIVa6E2e6mlyHztbbiOeE","templateId":"@3","deployTime":1720702921000,"hasParameters":false,"valid":true,"fixedConnection":true,"hasParametersDeployed":false,"fixedConnectionDeployed":true,"isSchemaValidationEnabled":false,"tasks":1,"mappingPreviewFileRecordId":"@2","documentType":"MAPPING","references":[{"@type":"reference","refObjectId":"@9qQhbWhbuIEglwfmWtJ0CO","refType":"connection"}]}]