[{"@type":"mappingTemplate","id":"@1","name":"MT_REST_DECIMAL","description":"","bundleVersion":"0","assetFrsGuid":"ifGOTiUisi4kET3L8Xw34j","templateId":"@3","deployTime":1729685146000,"hasParameters":false,"valid":true,"fixedConnection":true,"hasParametersDeployed":false,"fixedConnectionDeployed":true,"isSchemaValidationEnabled":false,"tasks":0,"mappingPreviewFileRecordId":"@2","documentType":"MAPPING","references":[{"@type":"reference","refObjectId":"@2pzOCofWd2rhl8VsneHbka","refType":"connection"},{"@type":"reference","refObjectId":"@9qQhbWhbuIEglwfmWtJ0CO","refType":"connection"}]}]