[{"@type":"mappingTemplate","id":"@1","name":"MT_Data_Counter","description":"","bundleVersion":"0","templateId":"@3","deployTime":1723555094000,"hasParameters":false,"valid":true,"fixedConnection":true,"hasParametersDeployed":false,"fixedConnectionDeployed":true,"isSchemaValidationEnabled":false,"tasks":0,"mappingPreviewFileRecordId":"@2","documentType":"MAPPING","references":[{"@type":"reference","refObjectId":"@bNVC1sstQiQhWFiFWoTomd","refType":"connection"},{"@type":"reference","refObjectId":"@9qQhbWhbuIEglwfmWtJ0CO","refType":"connection"}]}]