[{"@type":"mappingTemplate","id":"@1","name":"Mapping_Repro_POSTSQL_Session","description":"","bundleVersion":"0","assetFrsGuid":"kaUcwl3kWeXgxowXNUUlGq","templateId":"@3","deployTime":1716799948000,"hasParameters":false,"valid":true,"fixedConnection":true,"hasParametersDeployed":false,"fixedConnectionDeployed":true,"isSchemaValidationEnabled":false,"tasks":0,"mappingPreviewFileRecordId":"@2","documentType":"MAPPING","references":[{"@type":"reference","refObjectId":"@0qihtrqFtuAhHFT9QRzCMQ","refType":"connection"}]}]