[{"@type":"mappingTemplate","id":"@1","name":"MT_Oracle_Source_commit","description":"","bundleVersion":"0","assetFrsGuid":"dC9d7pHPhuVlcv0wQZ1d0G","templateId":"@3","deployTime":1723797667000,"hasParameters":false,"valid":true,"fixedConnection":true,"hasParametersDeployed":false,"fixedConnectionDeployed":true,"isSchemaValidationEnabled":false,"tasks":1,"mappingPreviewFileRecordId":"@2","documentType":"MAPPING","references":[{"@type":"reference","refObjectId":"@bNVC1sstQiQhWFiFWoTomd","refType":"connection"},{"@type":"reference","refObjectId":"@9qQhbWhbuIEglwfmWtJ0CO","refType":"connection"}]}]