[{"@type":"mappingTemplate","id":"@1","name":"First_working_day_extraction_from_dates","description":"","bundleVersion":"0","assetFrsGuid":"1IAB7Nwb0yCg64SLdy3AkT","templateId":"@3","deployTime":1724145199000,"hasParameters":false,"valid":true,"fixedConnection":true,"hasParametersDeployed":false,"fixedConnectionDeployed":true,"isSchemaValidationEnabled":false,"tasks":1,"mappingPreviewFileRecordId":"@2","documentType":"MAPPING","references":[{"@type":"reference","refObjectId":"@9qQhbWhbuIEglwfmWtJ0CO","refType":"connection"}]}]