[{"@type":"mappingTemplate","id":"@1","name":"MT_Case_Repro_04691066","description":"","bundleVersion":"0","assetFrsGuid":"2RiwxzveqkXh2HH1A1joU8","templateId":"@3","deployTime":1722022325000,"hasParameters":false,"valid":true,"fixedConnection":true,"hasParametersDeployed":false,"fixedConnectionDeployed":true,"isSchemaValidationEnabled":false,"tasks":0,"mappingPreviewFileRecordId":"@2","documentType":"MAPPING","references":[{"@type":"reference","refObjectId":"@9qQhbWhbuIEglwfmWtJ0CO","refType":"connection"}]}]