[{"@type":"mappingTemplate","id":"@1","name":"MT_Parametrized_Dates","description":"","bundleVersion":"0","assetFrsGuid":"fJqYop8yTIKktJON5H0CYR","templateId":"@3","deployTime":1720506272000,"hasParameters":false,"valid":true,"fixedConnection":true,"hasParametersDeployed":false,"fixedConnectionDeployed":true,"isSchemaValidationEnabled":false,"tasks":0,"mappingPreviewFileRecordId":"@2","documentType":"MAPPING","references":[{"@type":"reference","refObjectId":"@9qQhbWhbuIEglwfmWtJ0CO","refType":"connection"}]}]