[{"@type":"mappingTemplate","id":"@1","name":"MT_GET_ACTIVITY_LOGS","description":"","bundleVersion":"0","assetFrsGuid":"7G1xQGcJdc3kB60ZMbDBYx","templateId":"@3","deployTime":1724997775000,"hasParameters":false,"valid":true,"fixedConnection":true,"hasParametersDeployed":false,"fixedConnectionDeployed":true,"isSchemaValidationEnabled":false,"tasks":0,"mappingPreviewFileRecordId":"@2","documentType":"MAPPING","references":[{"@type":"reference","refObjectId":"@ghORcH5xEmNd4HbeKFBCGg","refType":"connection"},{"@type":"reference","refObjectId":"@ayVzCo6reINkBVm8rUJEsN","refType":"connection"}]}]