[{"@type":"mappingTemplate","id":"@1","name":"MT_Flat_file_to_S3","description":"Replicating data from Flat File to S3","bundleVersion":"0","templateId":"@3","deployTime":1717489257000,"hasParameters":false,"valid":true,"fixedConnection":true,"hasParametersDeployed":false,"fixedConnectionDeployed":true,"isSchemaValidationEnabled":false,"tasks":0,"mappingPreviewFileRecordId":"@2","documentType":"MAPPING","references":[{"@type":"reference","refObjectId":"@5UDmQo3kqZil9JDJp2K5q3","refType":"connection"},{"@type":"reference","refObjectId":"@9qQhbWhbuIEglwfmWtJ0CO","refType":"connection"}]}]