[{"@type":"mappingTemplate","id":"@1","name":"MT_REST_Check","description":"","bundleVersion":"0","assetFrsGuid":"8R5Hzl1sSk9bfmJivKBCyp","templateId":"@3","deployTime":1721209029000,"hasParameters":false,"valid":true,"fixedConnection":true,"hasParametersDeployed":false,"fixedConnectionDeployed":true,"isSchemaValidationEnabled":false,"tasks":0,"mappingPreviewFileRecordId":"@2","documentType":"MAPPING","references":[{"@type":"reference","refObjectId":"@9qQhbWhbuIEglwfmWtJ0CO","refType":"connection"},{"@type":"reference","refObjectId":"@5d2hDvFI51EbaKW6rgRcY9","refType":"connection"}]}]