[{"@type":"mappingTemplate","id":"@1","name":"Mapping1","description":"","bundleVersion":"0","templateId":"@3","deployTime":1724654265000,"hasParameters":false,"valid":true,"fixedConnection":true,"hasParametersDeployed":false,"fixedConnectionDeployed":true,"isSchemaValidationEnabled":false,"tasks":1,"mappingPreviewFileRecordId":"@2","documentType":"MAPPING","references":[{"@type":"reference","refObjectId":"@5UDmQo3kqZil9JDJp2K5q3","refType":"connection"},{"@type":"reference","refObjectId":"@bNVC1sstQiQhWFiFWoTomd","refType":"connection"}]}]