[{"@type":"mappingTemplate","id":"@1","name":"MT_SNFLK_TO_SNFLK","description":"","bundleVersion":"0","assetFrsGuid":"6sfEhcM3KXdivQYL1XlMof","templateId":"@3","deployTime":1730099041000,"hasParameters":false,"valid":true,"fixedConnection":true,"hasParametersDeployed":false,"fixedConnectionDeployed":true,"isSchemaValidationEnabled":false,"tasks":0,"mappingPreviewFileRecordId":"@2","documentType":"MAPPING","references":[{"@type":"reference","refObjectId":"@1NPKQwuBL6PdoJ3gJUP8Uu","refType":"connection"}]}]