[{"@type":"mappingTemplate","id":"@1","name":"MT_File_Lists","description":"","bundleVersion":"0","assetFrsGuid":"5tstMhMhME5iPVJrBukx0t","templateId":"@3","deployTime":1720068360000,"hasParameters":false,"valid":true,"fixedConnection":true,"hasParametersDeployed":false,"fixedConnectionDeployed":true,"isSchemaValidationEnabled":false,"tasks":0,"mappingPreviewFileRecordId":"@2","documentType":"MAPPING","references":[{"@type":"reference","refObjectId":"@9qQhbWhbuIEglwfmWtJ0CO","refType":"connection"}]}]