[{"@type":"mappingTemplate","id":"@1","name":"MT_SQL_FILTER","description":"","bundleVersion":"0","templateId":"@3","deployTime":1721368654000,"hasParameters":false,"valid":true,"fixedConnection":true,"hasParametersDeployed":false,"fixedConnectionDeployed":true,"isSchemaValidationEnabled":false,"tasks":0,"mappingPreviewFileRecordId":"@2","documentType":"MAPPING","references":[{"@type":"reference","refObjectId":"@9qQhbWhbuIEglwfmWtJ0CO","refType":"connection"},{"@type":"reference","refObjectId":"@8wEfoQzyzfAkEIptm7Q4EP","refType":"connection"}]}]