[{"@type":"mappingTemplate","id":"@1","name":"Data Masking Task","description":"","bundleVersion":"0","assetFrsGuid":"iFc2xJxEPY2kmSRbxVpE8P","templateId":"@3","deployTime":1720151868000,"hasParameters":false,"valid":true,"fixedConnection":true,"hasParametersDeployed":false,"fixedConnectionDeployed":true,"isSchemaValidationEnabled":false,"tasks":0,"mappingPreviewFileRecordId":"@2","documentType":"MAPPING","references":[{"@type":"reference","refObjectId":"@9qQhbWhbuIEglwfmWtJ0CO","refType":"connection"}]}]