[{"@type":"mappingTemplate","id":"@1","name":"Mapping4","description":"","bundleVersion":"0","assetFrsGuid":"igdg43JPSGyeJHP5NAwxen","templateId":"@3","deployTime":1731660690000,"hasParameters":false,"valid":true,"fixedConnection":true,"hasParametersDeployed":false,"fixedConnectionDeployed":true,"isSchemaValidationEnabled":false,"tasks":0,"mappingPreviewFileRecordId":"@2","documentType":"MAPPING","references":[{"@type":"reference","refObjectId":"@5WN4GU3RqcpfP0jSzWNgMX","refType":"hschema"},{"@type":"reference","refObjectId":"@7ZM8zae9jXpe4xAu4HkIiV","refType":"connection"},{"@type":"reference","refObjectId":"@bNVC1sstQiQhWFiFWoTomd","refType":"connection"}]}]