[{"@type":"mtTask","id":"@1","name":"mt_parametrized_SnowFlake_Silverlake","runtimeEnvironmentId":"@a18W8JEnANskA5vxO8qM4e","maxLogs":10,"verbose":true,"lastRunTime":1722332296000,"mappingId":"@aPQkTVvJaYEjScPtySHCs5","frsGuid":"knTMnFFD92Dendfjkj8DQP","sessionPropertiesList":[{"name":"Pushdown Optimization","value":"None","recommended":false},{"name":"Pushdown Optimization Context","value":"None","recommended":false},{"name":"Pushdown Optimization Fallback Option","value":"Partial PDO","recommended":false}],"hidden":false,"enableCrossSchemaPushdown":true,"enableParallelRun":false,"autoTunedApplied":false,"autoTunedAppliedType":"NONE","parameterFileName":"mt_parametrized_SnowFlake_Data_Cloud.param","parameterFileDir":"C:\\Users\\ppenthoi","paramFileType":"PARAM_FILE_LOCAL","schemaMode":"async","valid":true,"schemaValidationErrorCount":-1,"serverlessProperties":{},"taskProperties":[{"@type":"taskProperty","name":"parameterFileDir","currentValue":"C:\\Users\\ppenthoi","type":"STRING","label":"label.parameterFileDir","required":false},{"@type":"taskProperty","name":"parameterFileName","currentValue":"mt_parametrized_SnowFlake_Data_Cloud.param","type":"STRING","label":"label.parameterFileName","required":false},{"@type":"taskProperty","name":"outboundMessageUrlQueueTime","currentValue":"","type":"NUMBER","label":"label.outboundMessageUrlQueueTime","required":false},{"@type":"taskProperty","name":"outboundMessageUrlToken","currentValue":"","type":"STRING","label":"label.outboundMessageUrlToken","required":false}],"optimizationPlan":"NONE","isMidstreamPreview":false,"parameters":[{"@type":"mtTaskParameter","id":932447130,"name":"$Source$","type":"EXTENDED_SOURCE","label":"Source Connection (SRC_CONNECTION)","description":"","uiProperties":{"cnxtype":"Snowflake Cloud Data Warehouse V2","connectionParameterized":"true","paramName":"SRC_CONNECTION","paramLabel":"Source Connection","paramType-mapping":"Connection","logcnx":"SRC_CONNECTION","isSelectDistinct":"false","isMsrcFilterParameterized":"false","isMsrcSortParameterized":"false","objlabel":"SRC_OBJECT","origobjlabel":"","objectParameterized":"true","objDesc":"","objectParamName":"SRC_OBJECT","objectParamType-mapping":"DataObject","originalPath":"Source"},"sourceConnectionId":"@1NPKQwuBL6PdoJ3gJUP8Uu","newFlatFile":false,"newObject":false,"showBusinessNames":false,"naturalOrder":true,"truncateTarget":false,"bulkApiDBTarget":false,"customFuncCfg":{"@type":"customFuncConfig","id":-1,"connections":[],"inputMap":[],"outputFields":[]},"targetRefsV2":{},"targetUpdateColumns":[],"extendedObject":{"@type":"extendedObject","object":{"@type":"mObject","name":"GCS/DG_SILVERLAKE_SCH/EMP","label":"EMP","metadataUpdated":false,"relations":[],"children":[]},"singleMode":true,"objects":[{"@type":"mObject","name":"GCS/DG_SILVERLAKE_SCH/EMP","label":"EMP","metadataUpdated":false,"relations":[],"children":[]}],"filters":[],"sortFields":[]},"runtimeAttrs":{},"isRESTModernSource":true,"isFileList":false,"handleSpecialChars":false,"handleDecimalRoundOff":false,"frsAsset":false,"dynamicFileName":false,"excludeDynamicFileNameField":false,"currentlyProcessedFileName":false,"retainFieldMetadata":false,"useExactSrcNames":false,"userUpdated":true,"tgtObjectAttributes":{},"runtimeParameterData":{"@type":"mtTaskRuntimeParameterData","isConnectionRuntimeParameter":true,"isObjectRuntimeParameter":true,"connectionParameterName":"SRC_CONNECTION","objectParameterName":"SRC_OBJECT","objectDefaultValue":"EMP"},"overridableProperties":[],"overriddenFields":[]},{"@type":"mtTaskParameter","id":932447131,"name":"$Target$","type":"TARGET","label":"TARGET_CONNECTION","description":"","uiProperties":{"cnxtype":"CSVFile","connectionParameterized":"true","paramName":"TARGET_CONNECTION","paramLabel":"","paramType-mapping":"Connection","logcnx":"TARGET_CONNECTION","objlabel":"TARGET_OBJECT","origobjlabel":"","objectParameterized":"true","objDesc":"","objectParamName":"TARGET_OBJECT","objectParamType-mapping":"DataObject","defaultTargetUpdateColumns":"","supportApplyDDLChanges":"true","originalPath":"Target"},"targetConnectionId":"@9qQhbWhbuIEglwfmWtJ0CO","targetObject":"SNFLK_Test-1.csv","targetObjectLabel":"SNFLK_Test-1.csv","newFlatFile":false,"newObject":true,"showBusinessNames":true,"naturalOrder":true,"newObjectName":"SNFLK_Test-1.csv","truncateTarget":false,"bulkApiDBTarget":false,"operationType":"Insert","customFuncCfg":{"@type":"customFuncConfig","id":-1,"connections":[],"inputMap":[],"outputFields":[]},"targetRefsV2":{},"targetUpdateColumns":[],"extendedObject":{"@type":"extendedObject","singleMode":true,"filters":[],"sortFields":[]},"runtimeAttrs":{},"isRESTModernSource":true,"isFileList":false,"handleSpecialChars":false,"handleDecimalRoundOff":false,"frsAsset":false,"dynamicFileName":false,"excludeDynamicFileNameField":false,"currentlyProcessedFileName":false,"retainFieldMetadata":false,"objectName":"SNFLK_Test-1.csv","objectLabel":"SNFLK_Test-1.csv","useExactSrcNames":false,"userUpdated":true,"tgtObjectAttributes":{},"runtimeParameterData":{"@type":"mtTaskRuntimeParameterData","isConnectionRuntimeParameter":true,"isObjectRuntimeParameter":true,"connectionParameterName":"TARGET_CONNECTION","objectParameterName":"TARGET_OBJECT","objectDefaultValue":"SNFLK_Test-1.csv"},"overridableProperties":[],"overriddenFields":[]}],"sequences":[],"inOutParameters":[],"connRuntimeAttrs":[]}]