[{"@type":"mappingTemplate","id":"@1","name":"MT_Fetch_Activity_Log","description":"","bundleVersion":"0","assetFrsGuid":"bKxi52MDqkqgMU5GleoLuc","templateId":"@3","deployTime":1722854226000,"hasParameters":false,"valid":true,"fixedConnection":true,"hasParametersDeployed":false,"fixedConnectionDeployed":true,"isSchemaValidationEnabled":false,"tasks":0,"mappingPreviewFileRecordId":"@2","documentType":"MAPPING","references":[{"@type":"reference","refObjectId":"@ayVzCo6reINkBVm8rUJEsN","refType":"connection"},{"@type":"reference","refObjectId":"@9qQhbWhbuIEglwfmWtJ0CO","refType":"connection"}]}]