[{"@type":"mappingTemplate","id":"@1","name":"MT_REPRO_REST","description":"","bundleVersion":"0","templateId":"@3","deployTime":1721067462000,"hasParameters":false,"valid":false,"fixedConnection":true,"hasParametersDeployed":false,"fixedConnectionDeployed":true,"isSchemaValidationEnabled":false,"tasks":0,"mappingPreviewFileRecordId":"@2","documentType":"MAPPING","references":[{"@type":"reference","refObjectId":"@9SCoWADvFItiXQ9Y4i0ls5","refType":"connection"},{"@type":"reference","refObjectId":"@9qQhbWhbuIEglwfmWtJ0CO","refType":"connection"}]}]