[{"@type":"mtTask","id":"@1","name":"MappingTask1","runtimeEnvironmentId":"@a18W8JEnANskA5vxO8qM4e","maxLogs":10,"verbose":false,"mappingId":"@aPQkTVvJaYEjScPtySHCs5","frsGuid":"6R00gIKrjOngTHmXqD822u","sessionPropertiesList":[],"hidden":false,"enableCrossSchemaPushdown":false,"enableParallelRun":false,"autoTunedApplied":false,"autoTunedAppliedType":"NONE","schemaMode":"async","valid":false,"schemaValidationErrorCount":-1,"serverlessProperties":{},"taskProperties":[{"@type":"taskProperty","name":"parameterFileDir","currentValue":"","type":"STRING","label":"label.parameterFileDir","required":false},{"@type":"taskProperty","name":"parameterFileName","currentValue":"","type":"STRING","label":"label.parameterFileName","required":false},{"@type":"taskProperty","name":"outboundMessageUrlQueueTime","currentValue":"","type":"NUMBER","label":"label.outboundMessageUrlQueueTime","required":false},{"@type":"taskProperty","name":"outboundMessageUrlToken","currentValue":"","type":"STRING","label":"label.outboundMessageUrlToken","required":false}],"optimizationPlan":"NONE","isMidstreamPreview":false,"parameters":[{"@type":"mtTaskParameter","id":932447136,"name":"$Source$","type":"EXTENDED_SOURCE","label":"Source Connection (SRC_CONNECTION)","description":"","uiProperties":{"cnxtype":"Snowflake Cloud Data Warehouse V2","connectionParameterized":"true","paramName":"SRC_CONNECTION","paramLabel":"Source Connection","paramType-mapping":"Connection","logcnx":"SRC_CONNECTION","isSelectDistinct":"false","isMsrcFilterParameterized":"false","isMsrcSortParameterized":"false","objlabel":"SRC_OBJECT","origobjlabel":"","objectParameterized":"true","objDesc":"","objectParamName":"SRC_OBJECT","objectParamType-mapping":"DataObject","originalPath":"Source"},"newFlatFile":false,"newObject":false,"showBusinessNames":true,"naturalOrder":true,"truncateTarget":false,"bulkApiDBTarget":false,"customFuncCfg":{"@type":"customFuncConfig","id":-1,"connections":[],"inputMap":[],"outputFields":[]},"targetRefsV2":{},"targetUpdateColumns":[],"extendedObject":{"@type":"extendedObject","singleMode":true,"filters":[],"sortFields":[]},"runtimeAttrs":{},"isRESTModernSource":true,"isFileList":false,"handleSpecialChars":false,"handleDecimalRoundOff":false,"frsAsset":false,"dynamicFileName":false,"excludeDynamicFileNameField":false,"currentlyProcessedFileName":false,"retainFieldMetadata":false,"useExactSrcNames":false,"tgtObjectAttributes":{},"runtimeParameterData":{"@type":"mtTaskRuntimeParameterData","isConnectionRuntimeParameter":true,"isObjectRuntimeParameter":true,"connectionParameterName":"SRC_CONNECTION","objectParameterName":"SRC_OBJECT","objectDefaultValue":""},"overridableProperties":[],"overriddenFields":[]},{"@type":"mtTaskParameter","id":932447137,"name":"$Target$","type":"TARGET","label":"TARGET_CONNECTION","description":"","uiProperties":{"cnxtype":"CSVFile","connectionParameterized":"true","paramName":"TARGET_CONNECTION","paramLabel":"","paramType-mapping":"Connection","logcnx":"TARGET_CONNECTION","objlabel":"TARGET_OBJECT","origobjlabel":"","objectParameterized":"true","objDesc":"","objectParamName":"TARGET_OBJECT","objectParamType-mapping":"DataObject","defaultTargetUpdateColumns":"","supportApplyDDLChanges":"true","originalPath":"Target"},"newFlatFile":false,"newObject":false,"showBusinessNames":true,"naturalOrder":true,"truncateTarget":false,"bulkApiDBTarget":false,"operationType":"Insert","customFuncCfg":{"@type":"customFuncConfig","id":-1,"connections":[],"inputMap":[],"outputFields":[]},"targetRefsV2":{},"targetUpdateColumns":[],"extendedObject":{"@type":"extendedObject","singleMode":true,"filters":[],"sortFields":[]},"runtimeAttrs":{},"isRESTModernSource":true,"isFileList":false,"handleSpecialChars":false,"handleDecimalRoundOff":false,"frsAsset":false,"dynamicFileName":false,"excludeDynamicFileNameField":false,"currentlyProcessedFileName":false,"retainFieldMetadata":false,"useExactSrcNames":false,"tgtObjectAttributes":{},"runtimeParameterData":{"@type":"mtTaskRuntimeParameterData","isConnectionRuntimeParameter":true,"isObjectRuntimeParameter":true,"connectionParameterName":"TARGET_CONNECTION","objectParameterName":"TARGET_OBJECT"},"overridableProperties":[],"overriddenFields":[]}],"sequences":[],"inOutParameters":[],"connRuntimeAttrs":[]}]