[{"@type":"mappingTemplate","id":"@1","name":"MT_Excel_To_CSV","description":"","bundleVersion":"0","assetFrsGuid":"3lxZ70lc4DujIIQITaK4m6","templateId":"@3","deployTime":1730205977000,"hasParameters":true,"valid":true,"fixedConnection":true,"hasParametersDeployed":true,"fixedConnectionDeployed":true,"isSchemaValidationEnabled":false,"tasks":0,"mappingPreviewFileRecordId":"@2","documentType":"MAPPING","references":[{"@type":"reference","refObjectId":"@9qQhbWhbuIEglwfmWtJ0CO","refType":"connection"}]}]