[{"@type":"mappingTemplate","id":"@1","name":"MT_GENERATE_MULTIPLE_CSV","description":"","bundleVersion":"0","assetFrsGuid":"9J6sS4GG80RdIj76YC4DMt","templateId":"@3","deployTime":1721326853000,"hasParameters":false,"valid":true,"fixedConnection":true,"hasParametersDeployed":false,"fixedConnectionDeployed":true,"isSchemaValidationEnabled":false,"tasks":1,"mappingPreviewFileRecordId":"@2","documentType":"MAPPING","references":[{"@type":"reference","refObjectId":"@9qQhbWhbuIEglwfmWtJ0CO","refType":"connection"}]}]