[{"@type":"mappingTemplate","id":"@1","name":"MT_Check_MicroServices","description":"","bundleVersion":"0","assetFrsGuid":"0rKUp9of5yCgAC9Tpwjyic","templateId":"@3","deployTime":1726475345000,"hasParameters":false,"valid":true,"fixedConnection":true,"hasParametersDeployed":false,"fixedConnectionDeployed":true,"isSchemaValidationEnabled":false,"tasks":1,"mappingPreviewFileRecordId":"@2","documentType":"MAPPING","references":[{"@type":"reference","refObjectId":"@9qQhbWhbuIEglwfmWtJ0CO","refType":"connection"}]}]