[{"@type":"mappingTemplate","id":"@1","name":"MT_Failed","description":"","bundleVersion":"0","assetFrsGuid":"3oOT7853bDaeyMmIo8BQcM","templateId":"@3","deployTime":1722079724000,"hasParameters":false,"valid":true,"fixedConnection":true,"hasParametersDeployed":false,"fixedConnectionDeployed":true,"isSchemaValidationEnabled":false,"tasks":1,"mappingPreviewFileRecordId":"@2","documentType":"MAPPING","references":[{"@type":"reference","refObjectId":"@9qQhbWhbuIEglwfmWtJ0CO","refType":"connection"}]}]