[{"@type":"mappingTemplate","id":"@1","name":"MT_Use_TF_Parameters","description":"","bundleVersion":"0","assetFrsGuid":"bp2iiJ3raioeGo065hS5IK","templateId":"@3","deployTime":1729795519000,"hasParameters":false,"valid":true,"fixedConnection":true,"hasParametersDeployed":false,"fixedConnectionDeployed":true,"isSchemaValidationEnabled":false,"tasks":1,"mappingPreviewFileRecordId":"@2","documentType":"MAPPING","references":[{"@type":"reference","refObjectId":"@ghORcH5xEmNd4HbeKFBCGg","refType":"connection"}]}]