[{"@type":"mappingTemplate","id":"@1","name":"Mapping3","description":"","bundleVersion":"0","assetFrsGuid":"9XTqdYwPYZLiFERanHyQ61","templateId":"@3","deployTime":1726515022000,"hasParameters":false,"valid":true,"fixedConnection":true,"hasParametersDeployed":false,"fixedConnectionDeployed":true,"isSchemaValidationEnabled":false,"tasks":0,"mappingPreviewFileRecordId":"@2","documentType":"MAPPING","references":[{"@type":"reference","refObjectId":"@ghORcH5xEmNd4HbeKFBCGg","refType":"connection"},{"@type":"reference","refObjectId":"@53ZuEDgm26wkXeHPVBcQq0","refType":"connection"}]}]