[{"@type":"mappingTemplate","id":"@1","name":"MT_Target_Parametrized","description":"","bundleVersion":"0","assetFrsGuid":"hTsGs4SsB66fGFN8jq3n6Z","templateId":"@3","deployTime":1721496073000,"hasParameters":true,"valid":true,"fixedConnection":true,"hasParametersDeployed":true,"fixedConnectionDeployed":true,"isSchemaValidationEnabled":false,"tasks":0,"mappingPreviewFileRecordId":"@2","documentType":"MAPPING","references":[{"@type":"reference","refObjectId":"@9qQhbWhbuIEglwfmWtJ0CO","refType":"connection"}]}]