[{"@type":"mappingTemplate","id":"@1","name":"MT_Base64_External","description":"","bundleVersion":"0","assetFrsGuid":"9Yf0s8IceCodru45kKu4SL","templateId":"@3","deployTime":1728457947000,"hasParameters":false,"valid":true,"fixedConnection":true,"hasParametersDeployed":false,"fixedConnectionDeployed":true,"isSchemaValidationEnabled":false,"tasks":1,"mappingPreviewFileRecordId":"@2","documentType":"MAPPING","references":[{"@type":"reference","refObjectId":"@9qQhbWhbuIEglwfmWtJ0CO","refType":"connection"}]}]