[{"@type":"mappingTemplate","id":"@1","name":"MT_IICS_ACTIVITY_FETCH","description":"","bundleVersion":"0","assetFrsGuid":"av8edGOELdXlSejl1airet","templateId":"@3","deployTime":1724998593000,"hasParameters":false,"valid":true,"fixedConnection":true,"hasParametersDeployed":false,"fixedConnectionDeployed":true,"isSchemaValidationEnabled":false,"tasks":0,"mappingPreviewFileRecordId":"@2","documentType":"MAPPING","references":[{"@type":"reference","refObjectId":"@5kjB7e4nejIhoHTw4AxgAT@IICS_LOGIN","refType":"businessOperation"},{"@type":"reference","refObjectId":"@ghORcH5xEmNd4HbeKFBCGg","refType":"connection"},{"@type":"reference","refObjectId":"@5kjB7e4nejIhoHTw4AxgAT","refType":"businessService"},{"@type":"reference","refObjectId":"@lxaec7Bax2tlvSx7jNE04k@IICS_ACTIVITY_LOG","refType":"businessOperation"},{"@type":"reference","refObjectId":"@lxaec7Bax2tlvSx7jNE04k","refType":"businessService"},{"@type":"reference","refObjectId":"@bNVC1sstQiQhWFiFWoTomd","refType":"connection"}]}]