[{"@type":"mappingTemplate","id":"@1","name":"MT_REPRO_04692787","description":"","bundleVersion":"0","assetFrsGuid":"cpX3c55ofA2dV9QDkSKbuC","templateId":"@3","deployTime":1721324487000,"hasParameters":false,"valid":true,"fixedConnection":true,"hasParametersDeployed":false,"fixedConnectionDeployed":true,"isSchemaValidationEnabled":false,"tasks":0,"mappingPreviewFileRecordId":"@2","documentType":"MAPPING","references":[{"@type":"reference","refObjectId":"@9qQhbWhbuIEglwfmWtJ0CO","refType":"connection"},{"@type":"reference","refObjectId":"@b79oJkyxNIZhte4wm2wEuv","refType":"connection"}]}]