[{"@type":"mappingTemplate","id":"@1","name":"MT_Base64_Internal","description":"","bundleVersion":"0","assetFrsGuid":"29tl9NTrJKNgxOk6kwjtQN","templateId":"@3","deployTime":1728025901000,"hasParameters":false,"valid":true,"fixedConnection":true,"hasParametersDeployed":false,"fixedConnectionDeployed":true,"isSchemaValidationEnabled":false,"tasks":0,"mappingPreviewFileRecordId":"@2","documentType":"MAPPING","references":[{"@type":"reference","refObjectId":"@9qQhbWhbuIEglwfmWtJ0CO","refType":"connection"}]}]