[{"@type":"mappingTemplate","id":"@1","name":"MT_Flat_File_to_SQL","description":"","bundleVersion":"0","templateId":"@3","deployTime":1720505295000,"hasParameters":false,"valid":true,"fixedConnection":true,"hasParametersDeployed":false,"fixedConnectionDeployed":true,"isSchemaValidationEnabled":false,"tasks":0,"mappingPreviewFileRecordId":"@2","documentType":"MAPPING","references":[{"@type":"reference","refObjectId":"@0qihtrqFtuAhHFT9QRzCMQ","refType":"connection"},{"@type":"reference","refObjectId":"@9qQhbWhbuIEglwfmWtJ0CO","refType":"connection"}]}]