[{"@type":"mappingTemplate","id":"@1","name":"Mapping4-Advanced","description":"","bundleVersion":"0","assetFrsGuid":"fpDjk3s0ziPeobReSzCW2S","templateId":"@3","deployTime":1727696015000,"hasParameters":false,"valid":true,"fixedConnection":true,"hasParametersDeployed":false,"fixedConnectionDeployed":true,"isSchemaValidationEnabled":false,"tasks":0,"mappingPreviewFileRecordId":"@2","documentType":"AT_SCALE_MAPPING","references":[{"@type":"reference","refObjectId":"@9qQhbWhbuIEglwfmWtJ0CO","refType":"connection"}]}]