[{"@type":"mappingTemplate","id":"@1","name":"Mapping_Flat_File_to_Redshift","description":"","bundleVersion":"0","assetFrsGuid":"0550aklTc88ccIfUQtjJ81","templateId":"@3","deployTime":1717492994000,"hasParameters":false,"valid":true,"fixedConnection":true,"hasParametersDeployed":false,"fixedConnectionDeployed":true,"isSchemaValidationEnabled":false,"tasks":0,"mappingPreviewFileRecordId":"@2","documentType":"MAPPING","references":[{"@type":"reference","refObjectId":"@8wEfoQzyzfAkEIptm7Q4EP","refType":"connection"},{"@type":"reference","refObjectId":"@9qQhbWhbuIEglwfmWtJ0CO","refType":"connection"}]}]