[{"@type":"mappingTemplate","id":"@1","name":"MT_Read_Time_Stamp","description":"","bundleVersion":"0","assetFrsGuid":"gcgJiUgPJa2eWA6pOQuwYu","templateId":"@3","deployTime":1724393469000,"hasParameters":true,"valid":true,"fixedConnection":true,"hasParametersDeployed":true,"fixedConnectionDeployed":true,"isSchemaValidationEnabled":false,"tasks":1,"mappingPreviewFileRecordId":"@2","documentType":"MAPPING","references":[{"@type":"reference","refObjectId":"@9qQhbWhbuIEglwfmWtJ0CO","refType":"connection"},{"@type":"reference","refObjectId":"@bNVC1sstQiQhWFiFWoTomd","refType":"connection"}]}]