[{"@type":"mappingTemplate","id":"@1","name":"MT_REST_04744397","description":"","bundleVersion":"0","assetFrsGuid":"f3IpDDMBqsLhNIIY0vHhI1","templateId":"@3","deployTime":1731576376000,"hasParameters":false,"valid":true,"fixedConnection":true,"hasParametersDeployed":false,"fixedConnectionDeployed":true,"isSchemaValidationEnabled":false,"tasks":0,"mappingPreviewFileRecordId":"@2","documentType":"MAPPING","references":[{"@type":"reference","refObjectId":"@7ZM8zae9jXpe4xAu4HkIiV","refType":"connection"},{"@type":"reference","refObjectId":"@bNVC1sstQiQhWFiFWoTomd","refType":"connection"}]}]