[{"@type":"fileRecord","id":"@2","name":"extension","type":"XML","size":50941,"attachTime":1724942547000},{"@type":"fileRecord","id":"@3","name":"fault","type":"XSD","size":6419,"attachTime":1724942547000},{"@type":"fileRecord","id":"@4","name":"metadata","type":"JSON","size":21039,"attachTime":1724942547000},{"@type":"fileRecord","id":"@6","name":"response","type":"XSD","size":31437,"attachTime":1724942547000},{"@type":"fileRecord","id":"@5","name":"request","type":"XSD","size":6469,"attachTime":1724942547000}]