[{"@type":"mtTask","id":"@1","name":"mt_Snowflake_Data_Cloud","runtimeEnvironmentId":"@a18W8JEnANskA5vxO8qM4e","maxLogs":10,"verbose":false,"lastRunTime":1721807024000,"mappingId":"@4f3GpPecLH2evRQQUhS9ib","frsGuid":"5d2fXj9aFZElEC5ZTOu42V","sessionPropertiesList":[{"name":"Pushdown Optimization","value":"None","recommended":false},{"name":"Pushdown Optimization Context","value":"None","recommended":false},{"name":"Pushdown Optimization Fallback Option","value":"Partial PDO","recommended":false}],"hidden":false,"enableCrossSchemaPushdown":false,"enableParallelRun":false,"autoTunedApplied":false,"autoTunedAppliedType":"NONE","parameterFileName":"mt_Snowflake_Data_Cloud.param","parameterFileDir":"C:\\Users\\ppenthoi","paramFileType":"PARAM_FILE_LOCAL","schemaMode":"async","valid":true,"schemaValidationErrorCount":-1,"serverlessProperties":{},"taskProperties":[{"@type":"taskProperty","name":"parameterFileDir","currentValue":"C:\\Users\\ppenthoi","type":"STRING","label":"label.parameterFileDir","required":false},{"@type":"taskProperty","name":"parameterFileName","currentValue":"mt_Snowflake_Data_Cloud.param","type":"STRING","label":"label.parameterFileName","required":false},{"@type":"taskProperty","name":"outboundMessageUrlQueueTime","currentValue":"","type":"NUMBER","label":"label.outboundMessageUrlQueueTime","required":false},{"@type":"taskProperty","name":"outboundMessageUrlToken","currentValue":"","type":"STRING","label":"label.outboundMessageUrlToken","required":false}],"optimizationPlan":"NONE","isMidstreamPreview":false,"parameters":[{"@type":"mtTaskParameter","id":930670201,"name":"$Source$","type":"EXTENDED_SOURCE","label":"SRC_CONNECTION","description":"","uiProperties":{"cnxtype":"Snowflake Cloud Data Warehouse V2","connectionParameterized":"true","paramName":"SRC_CONNECTION","paramLabel":"","paramType-mapping":"Connection","logcnx":"SRC_CONNECTION","isSelectDistinct":"false","isMsrcFilterParameterized":"false","isMsrcSortParameterized":"false","objlabel":"SRC_OBJECT","origobjlabel":"","objectParameterized":"true","objDesc":"","objectParamName":"SRC_OBJECT","objectParamType-mapping":"DataObject","originalPath":"Source"},"sourceConnectionId":"@1NPKQwuBL6PdoJ3gJUP8Uu","newFlatFile":false,"newObject":false,"showBusinessNames":true,"naturalOrder":true,"truncateTarget":false,"bulkApiDBTarget":false,"customFuncCfg":{"@type":"customFuncConfig","id":-1,"connections":[],"inputMap":[],"outputFields":[]},"targetRefsV2":{},"targetUpdateColumns":[],"extendedObject":{"@type":"extendedObject","singleMode":false,"filters":[],"sortFields":[]},"runtimeAttrs":{"SQL Override":"SELECT * FROM $$SRC_DATABASE.$$SRC_SCHEMA.$$SRC_OBJECT;"},"oprRuntimeAttrs":{"sqloverride":"SELECT * FROM $$SRC_DATABASE.$$SRC_SCHEMA.$$SRC_OBJECT;"},"isRESTModernSource":true,"customQuery":"SELECT * FROM GCS.DG_SILVERLAKE_SCH.EMP;","isFileList":false,"handleSpecialChars":false,"handleDecimalRoundOff":false,"frsAsset":false,"dynamicFileName":false,"excludeDynamicFileNameField":false,"currentlyProcessedFileName":false,"retainFieldMetadata":false,"useExactSrcNames":false,"userUpdated":true,"fetchMode":"ORIGINAL","tgtObjectAttributes":{},"runtimeParameterData":{"@type":"mtTaskRuntimeParameterData","isConnectionRuntimeParameter":true,"isObjectRuntimeParameter":true,"connectionParameterName":"SRC_CONNECTION","objectParameterName":"SRC_OBJECT","objectDefaultValue":"EMP"},"overridableProperties":[],"overriddenFields":[]},{"@type":"mtTaskParameter","id":930670202,"name":"$Target$","type":"TARGET","label":"TGT_CONNECTION","description":"","uiProperties":{"cnxtype":"CSVFile","connectionParameterized":"true","paramName":"TGT_CONNECTION","paramLabel":"","paramType-mapping":"Connection","logcnx":"TGT_CONNECTION","objlabel":"TGT_OBJECT","origobjlabel":"","objectParameterized":"true","objDesc":"","objectParamName":"TGT_OBJECT","objectParamType-mapping":"DataObject","defaultTargetUpdateColumns":"","noCreateTarget":"true","supportApplyDDLChanges":"false","originalPath":"Target"},"targetConnectionId":"@9qQhbWhbuIEglwfmWtJ0CO","targetObject":"SNFLK_Test.csv","targetObjectLabel":"SNFLK_Test.csv","newFlatFile":false,"newObject":false,"showBusinessNames":true,"naturalOrder":true,"truncateTarget":false,"bulkApiDBTarget":false,"operationType":"Insert","customFuncCfg":{"@type":"customFuncConfig","id":-1,"connections":[],"inputMap":[],"outputFields":[]},"targetRefsV2":{},"targetUpdateColumns":[],"extendedObject":{"@type":"extendedObject","singleMode":true,"filters":[],"sortFields":[]},"runtimeAttrs":{},"isRESTModernSource":true,"isFileList":false,"handleSpecialChars":false,"handleDecimalRoundOff":false,"frsAsset":false,"dynamicFileName":false,"excludeDynamicFileNameField":false,"currentlyProcessedFileName":false,"retainFieldMetadata":false,"objectName":"SNFLK_Test.csv","objectLabel":"SNFLK_Test.csv","useExactSrcNames":false,"userUpdated":true,"fetchMode":"ORIGINAL","tgtObjectAttributes":{},"runtimeParameterData":{"@type":"mtTaskRuntimeParameterData","isConnectionRuntimeParameter":true,"isObjectRuntimeParameter":true,"connectionParameterName":"TGT_CONNECTION","objectParameterName":"TGT_OBJECT","objectDefaultValue":"SNFLK_Test.csv"},"overridableProperties":[],"targetSchemaProviderType":"SELECTED_OBJECT","overriddenFields":[]}],"sequences":[],"inOutParameters":[],"connRuntimeAttrs":[]}]