[{"@type":"mtTask","id":"@1","name":"mt_parametrized_oracle","runtimeEnvironmentId":"@a18W8JEnANskA5vxO8qM4e","maxLogs":10,"verbose":false,"lastRunTime":1729165558000,"mappingId":"@enfLlCPA3QGgD6YVd5fnas","frsGuid":"cH6Xhki5iyzfbX6ritJ7qJ","sessionPropertiesList":[{"name":"Pushdown Optimization","value":"None","recommended":false},{"name":"Pushdown Optimization Context","value":"None","recommended":false},{"name":"Pushdown Optimization Fallback Option","value":"Partial PDO","recommended":false},{"name":"Stop on errors","value":"$PMSessionErrorThreshold","recommended":false}],"hidden":false,"enableCrossSchemaPushdown":false,"enableParallelRun":false,"autoTunedApplied":false,"autoTunedAppliedType":"NONE","parameterFileName":"mt_parametrized_oracle.param","parameterFileDir":"C:\\Users\\ppenthoi\\Downloads","paramFileType":"PARAM_FILE_LOCAL","schemaMode":"async","valid":true,"schemaValidationErrorCount":-1,"serverlessProperties":{},"taskProperties":[{"@type":"taskProperty","name":"parameterFileDir","currentValue":"C:\\Users\\ppenthoi\\Downloads","type":"STRING","label":"label.parameterFileDir","required":false},{"@type":"taskProperty","name":"parameterFileName","currentValue":"mt_parametrized_oracle.param","type":"STRING","label":"label.parameterFileName","required":false},{"@type":"taskProperty","name":"outboundMessageUrlQueueTime","currentValue":"","type":"NUMBER","label":"label.outboundMessageUrlQueueTime","required":false},{"@type":"taskProperty","name":"outboundMessageUrlToken","currentValue":"","type":"STRING","label":"label.outboundMessageUrlToken","required":false}],"optimizationPlan":"NONE","isMidstreamPreview":false,"parameters":[{"@type":"mtTaskParameter","id":954649793,"name":"$Source$","type":"EXTENDED_SOURCE","label":"src_oracle","description":"","uiProperties":{"cnxtype":"Oracle","connectionParameterized":"true","paramName":"src_oracle","paramLabel":"","paramType-mapping":"Connection","logcnx":"src_oracle","isSelectDistinct":"false","isMsrcFilterParameterized":"false","isMsrcSortParameterized":"false","objlabel":"src_oracle_obj","origobjlabel":"","objectParameterized":"true","objDesc":"","objectParamName":"src_oracle_obj","objectParamType-mapping":"DataObject","originalPath":"Source"},"sourceConnectionId":"@bNVC1sstQiQhWFiFWoTomd","newFlatFile":false,"newObject":false,"showBusinessNames":true,"naturalOrder":true,"truncateTarget":false,"bulkApiDBTarget":false,"customFuncCfg":{"@type":"customFuncConfig","id":-1,"connections":[],"inputMap":[],"outputFields":[]},"targetRefsV2":{},"targetUpdateColumns":[],"extendedObject":{"@type":"extendedObject","object":{"@type":"mObject","name":"MAYURI_1","label":"MAYURI_1","metadataUpdated":false,"relations":[],"children":[]},"singleMode":true,"objects":[{"@type":"mObject","name":"MAYURI_1","label":"MAYURI_1","metadataUpdated":false,"relations":[],"children":[]}],"filters":[],"sortFields":[]},"runtimeAttrs":{},"isRESTModernSource":true,"isFileList":false,"handleSpecialChars":false,"handleDecimalRoundOff":false,"frsAsset":false,"dynamicFileName":false,"excludeDynamicFileNameField":false,"currentlyProcessedFileName":false,"retainFieldMetadata":false,"useExactSrcNames":false,"fetchMode":"ORIGINAL","tgtObjectAttributes":{},"runtimeParameterData":{"@type":"mtTaskRuntimeParameterData","isConnectionRuntimeParameter":true,"isObjectRuntimeParameter":true,"connectionParameterName":"src_oracle","objectParameterName":"src_oracle_obj","objectDefaultValue":"MAYURI_1"},"overridableProperties":[],"overriddenFields":[]},{"@type":"mtTaskParameter","id":954649794,"name":"$Target$","type":"TARGET","label":"tgt_oracle","description":"","uiProperties":{"cnxtype":"Oracle","connectionParameterized":"true","paramName":"tgt_oracle","paramLabel":"","paramType-mapping":"Connection","logcnx":"tgt_oracle","objlabel":"tgt_oracle_obj","origobjlabel":"","objectParameterized":"true","objDesc":"","objectParamName":"tgt_oracle_obj","objectParamType-mapping":"DataObject","defaultTargetUpdateColumns":"","noCreateTarget":"true","supportApplyDDLChanges":"false","originalPath":"Target"},"targetConnectionId":"@bNVC1sstQiQhWFiFWoTomd","targetObject":"MAYURI_2","targetObjectLabel":"MAYURI_2","newFlatFile":false,"newObject":false,"showBusinessNames":true,"naturalOrder":true,"truncateTarget":false,"bulkApiDBTarget":false,"operationType":"Insert","customFuncCfg":{"@type":"customFuncConfig","id":-1,"connections":[],"inputMap":[],"outputFields":[]},"targetRefsV2":{},"targetUpdateColumns":[],"extendedObject":{"@type":"extendedObject","singleMode":true,"filters":[],"sortFields":[]},"runtimeAttrs":{},"isRESTModernSource":true,"isFileList":false,"handleSpecialChars":false,"handleDecimalRoundOff":false,"frsAsset":false,"dynamicFileName":false,"excludeDynamicFileNameField":false,"currentlyProcessedFileName":false,"retainFieldMetadata":false,"objectName":"MAYURI_2","objectLabel":"MAYURI_2","useExactSrcNames":false,"fetchMode":"ORIGINAL","tgtObjectAttributes":{},"runtimeParameterData":{"@type":"mtTaskRuntimeParameterData","isConnectionRuntimeParameter":true,"isObjectRuntimeParameter":true,"connectionParameterName":"tgt_oracle","objectParameterName":"tgt_oracle_obj","objectDefaultValue":"MAYURI_2"},"overridableProperties":[],"targetSchemaProviderType":"SELECTED_OBJECT","overriddenFields":[]}],"sequences":[],"inOutParameters":[],"connRuntimeAttrs":[]}]