[{"@type":"fileRecord","id":"@2","name":"extension","type":"XML","size":35007,"attachTime":1724942133000},{"@type":"fileRecord","id":"@6","name":"response","type":"XSD","size":15046,"attachTime":1724942133000},{"@type":"fileRecord","id":"@5","name":"request","type":"XSD","size":7014,"attachTime":1724942133000},{"@type":"fileRecord","id":"@3","name":"fault","type":"XSD","size":6383,"attachTime":1724942133000},{"@type":"fileRecord","id":"@4","name":"metadata","type":"JSON","size":8049,"attachTime":1724942133000}]