[{"@type":"mappingTemplate","id":"@1","name":"MT_Flat_File_To_Sharepoint","description":"","bundleVersion":"0","assetFrsGuid":"fFNwmSUCa0MfnTDHF4DJeA","templateId":"@3","deployTime":1731405006000,"hasParameters":false,"valid":true,"fixedConnection":true,"hasParametersDeployed":false,"fixedConnectionDeployed":true,"isSchemaValidationEnabled":false,"tasks":0,"mappingPreviewFileRecordId":"@2","documentType":"MAPPING","references":[{"@type":"reference","refObjectId":"@7rHV5IqUUOQbfwJfa9O5Wz","refType":"connection"},{"@type":"reference","refObjectId":"@9qQhbWhbuIEglwfmWtJ0CO","refType":"connection"}]}]