[{"@type":"mappingTemplate","id":"@1","name":"MT_SQL_ELT","description":"","bundleVersion":"0","templateId":"@3","deployTime":1722314672000,"hasParameters":false,"valid":true,"fixedConnection":true,"hasParametersDeployed":false,"fixedConnectionDeployed":true,"isSchemaValidationEnabled":false,"tasks":0,"mappingPreviewFileRecordId":"@2","documentType":"ECOSYSTEM_MAPPING","ecoSystem":"com.infa.adapter.snowflake","references":[{"@type":"reference","refObjectId":"@7s9mNotEOGflRmevihDP6d","refType":"connection"}]}]