[{"@type":"fileRecord","id":"@5","name":"request","type":"XSD","size":6331,"attachTime":1724924308000},{"@type":"fileRecord","id":"@4","name":"metadata","type":"JSON","size":12863,"attachTime":1724924308000},{"@type":"fileRecord","id":"@6","name":"response","type":"XSD","size":19633,"attachTime":1724924308000},{"@type":"fileRecord","id":"@3","name":"fault","type":"XSD","size":6284,"attachTime":1724924308000},{"@type":"fileRecord","id":"@2","name":"extension","type":"XML","size":35025,"attachTime":1724924308000}]