[{"@type":"fileRecord","id":"@6","name":"response","type":"XSD","size":14650,"attachTime":1724924307000},{"@type":"fileRecord","id":"@5","name":"request","type":"XSD","size":7054,"attachTime":1724924307000},{"@type":"fileRecord","id":"@2","name":"extension","type":"XML","size":30715,"attachTime":1724924307000},{"@type":"fileRecord","id":"@4","name":"metadata","type":"JSON","size":8945,"attachTime":1724924307000},{"@type":"fileRecord","id":"@3","name":"fault","type":"XSD","size":6266,"attachTime":1724924307000}]